RegionName,year,zhvi,state_name,median_household_income,median_home_value,median_gross_rent,total_occupied_units,owner_occupied_units,renter_occupied_units,total_population,state_fips,homeownership_rate,price_to_income_ratio,MSPUS,MORTGAGE30US,HOUST,CSUSHPINSA,RHORUSQ156N,MSACSR
Alabama,2010,125684.40599817276,Alabama,42081,117600,644,1821210,1295320,525890,4712651,1,71.1,2.7946103942396805,222700.0,4.689807692307692,585.5,144.66108333333332,66.85,8.0
Alabama,2012,121658.98695777968,Alabama,43160,122300,691,1837576,1289324,548252,4777326,1,70.2,2.8336422613531047,244400.0,3.6574999999999998,783.75,140.97799999999998,65.45,4.758333333333334
Alabama,2014,133206.0903315903,Alabama,43511,123800,715,1842174,1274196,567978,4817678,1,69.2,2.8452575210866216,285775.0,4.168867924528302,1000.25,164.66633333333334,64.475,5.4750000000000005
Alabama,2016,139962.93032955003,Alabama,44758,128500,728,1851061,1267824,583237,4841164,1,68.5,2.8709951293623486,305125.0,3.6540384615384616,1177.0833333333333,180.89083333333335,63.4,5.208333333333333
Alabama,2018,149763.20909293127,Alabama,48486,137200,772,1860269,1275223,585046,4864680,1,68.6,2.829682795033618,325275.0,4.544615384615384,1246.8333333333333,202.42791666666668,64.425,6.175
Alabama,2020,170808.71083013903,Alabama,52035,149600,811,1888504,1306505,581999,4893186,1,69.2,2.8749879888536563,328150.0,3.111698113207547,1394.3333333333333,222.06316666666666,66.6,4.625
Alabama,2022,218554.76518768308,Alabama,59609,179400,925,1933150,1347792,585358,5028092,1,69.7,3.009612642386217,432950.0,5.344038461538461,1551.5,298.32533333333333,65.775,8.483333333333333
Alabama,2023,224284.42303805656,Alabama,62027,195100,963,1969105,1377062,592043,5054253,1,69.9,3.145404420655521,426525.0,6.806730769230769,1420.5833333333333,305.7504166666667,65.9,7.875
Alaska,2010,245873.32613719042,Alaska,66521,229100,972,248248,160622,87626,691189,2,64.7,3.4440251950511866,222700.0,4.689807692307692,585.5,144.66108333333332,66.85,8.0
Alaska,2012,248437.97607441118,Alaska,69917,237900,1065,252991,162891,90100,711139,2,64.4,3.4026059470515038,244400.0,3.6574999999999998,783.75,140.97799999999998,65.45,4.758333333333334
Alaska,2014,260724.21754187156,Alaska,71829,246300,1131,251678,159415,92263,728300,2,63.3,3.4289771540742597,285775.0,4.168867924528302,1000.25,164.66633333333334,64.475,5.4750000000000005
Alaska,2016,277447.6324193343,Alaska,74444,257100,1173,250235,159313,90922,736855,2,63.7,3.453602708075869,305125.0,3.6540384615384616,1177.0833333333333,180.89083333333335,63.4,5.208333333333333
Alaska,2018,283844.01532787,Alaska,76715,265200,1231,253462,162172,91290,738516,2,64.0,3.4569510525972755,325275.0,4.544615384615384,1246.8333333333333,202.42791666666668,64.425,6.175
Alaska,2020,312052.21177691984,Alaska,77790,275600,1240,255173,165376,89797,736990,2,64.8,3.542871834426019,328150.0,3.111698113207547,1394.3333333333333,222.06316666666666,66.6,4.625
Alaska,2022,350571.4623476909,Alaska,86370,318000,1345,264376,175198,89178,734821,2,66.3,3.6818339701285168,432950.0,5.344038461538461,1551.5,298.32533333333333,65.775,8.483333333333333
Alaska,2023,353925.9282788187,Alaska,89336,333300,1388,267865,178369,89496,733971,2,66.6,3.7308587803349154,426525.0,6.806730769230769,1420.5833333333333,305.7504166666667,65.9,7.875
Arizona,2010,157836.33675769228,Arizona,50448,215000,856,2326468,1568513,757955,6246816,4,67.4,4.261814145258484,222700.0,4.689807692307692,585.5,144.66108333333332,66.85,8.0
Arizona,2012,147437.4826859253,Arizona,50256,175900,891,2357158,1544719,812439,6410979,4,65.5,3.500079592486469,244400.0,3.6574999999999998,783.75,140.97799999999998,65.45,4.758333333333334
Arizona,2014,192349.73893761184,Arizona,49928,162900,905,2387246,1513294,873952,6561516,4,63.4,3.262698285531165,285775.0,4.168867924528302,1000.25,164.66633333333334,64.475,5.4750000000000005
Arizona,2016,219546.27868946237,Arizona,51340,176900,937,2448919,1531878,917041,6728577,4,62.6,3.445656408258668,305125.0,3.6540384615384616,1177.0833333333333,180.89083333333335,63.4,5.208333333333333
Arizona,2018,252412.5098401477,Arizona,56213,209600,1009,2524300,1606065,918235,6946685,4,63.6,3.7286748616867986,325275.0,4.544615384615384,1246.8333333333333,202.42791666666668,64.425,6.175
Arizona,2020,295886.2923850681,Arizona,61529,242000,1097,2643430,1727176,916254,7174064,4,65.3,3.9331047148499083,328150.0,3.111698113207547,1394.3333333333333,222.06316666666666,66.6,4.625
Arizona,2022,441928.48324257875,Arizona,72581,321400,1308,2739136,1815352,923784,7172282,4,66.3,4.42815612901448,432950.0,5.344038461538461,1551.5,298.32533333333333,65.775,8.483333333333333
Arizona,2023,423525.5976967868,Arizona,76872,358900,1431,2796790,1873231,923559,7268175,4,67.0,4.668800083255282,426525.0,6.806730769230769,1420.5833333333333,305.7504166666667,65.9,7.875
Arkansas,2010,120666.4798173275,Arkansas,39267,102300,617,1117154,756358,360796,2872684,5,67.7,2.605241042096417,222700.0,4.689807692307692,585.5,144.66108333333332,66.85,8.0
Arkansas,2012,118784.72319780818,Arkansas,40531,106300,649,1128797,758814,369983,2916372,5,67.2,2.6226838716044507,244400.0,3.6574999999999998,783.75,140.97799999999998,65.45,4.758333333333334
Arkansas,2014,124354.35476839107,Arkansas,41264,108700,675,1132488,753620,378868,2947036,5,66.5,2.634257464133385,285775.0,4.168867924528302,1000.25,164.66633333333334,64.475,5.4750000000000005
Arkansas,2016,134350.76271092967,Arkansas,42336,114700,689,1141480,749452,392028,2968472,5,65.7,2.709278155706727,305125.0,3.6540384615384616,1177.0833333333333,180.89083333333335,63.4,5.208333333333333
Arkansas,2018,144020.15174059384,Arkansas,45726,123300,729,1152175,756431,395744,2990671,5,65.7,2.6964965227660413,325275.0,4.544615384615384,1246.8333333333333,202.42791666666668,64.425,6.175
Arkansas,2020,158734.50268268873,Arkansas,49475,133600,760,1170544,770477,400067,3011873,5,65.8,2.700353713996968,328150.0,3.111698113207547,1394.3333333333333,222.06316666666666,66.6,4.625
Arkansas,2022,200133.01306918488,Arkansas,56335,162400,868,1171694,775956,395738,3018669,5,66.2,2.882754948078459,432950.0,5.344038461538461,1551.5,298.32533333333333,65.775,8.483333333333333
Arkansas,2023,205064.65995561634,Arkansas,58773,175300,914,1189160,786534,402626,3032651,5,66.1,2.982662106749698,426525.0,6.806730769230769,1420.5833333333333,305.7504166666667,65.9,7.875
California,2010,304768.70530202455,California,60883,458500,1147,12392852,7112050,5280802,36637290,6,57.4,7.530837836506086,222700.0,4.689807692307692,585.5,144.66108333333332,66.85,8.0
California,2012,283504.5238978657,California,61400,383900,1209,12466331,6978397,5487934,37325068,6,56.0,6.252442996742671,244400.0,3.6574999999999998,783.75,140.97799999999998,65.45,4.758333333333334
California,2014,384372.7009853879,California,61489,371400,1243,12617280,6908925,5708355,38066920,6,54.8,6.0401047341800975,285775.0,4.168867924528302,1000.25,164.66633333333334,64.475,5.4750000000000005
California,2016,440246.74167494354,California,63783,409300,1297,12807387,6929007,5878380,38654206,6,54.1,6.41707037925466,305125.0,3.6540384615384616,1177.0833333333333,180.89083333333335,63.4,5.208333333333333
California,2018,521936.34483768296,California,71228,475900,1429,12965435,7085435,5880000,39148760,6,54.6,6.681361262424889,325275.0,4.544615384615384,1246.8333333333333,202.42791666666668,64.425,6.175
California,2020,563401.3407959783,California,78672,538500,1586,13103114,7241318,5861796,39346023,6,55.3,6.844874923733984,328150.0,3.111698113207547,1394.3333333333333,222.06316666666666,66.6,4.625
California,2022,739682.4099192168,California,91905,659300,1856,13315822,7407361,5908461,39356104,6,55.6,7.173711985202111,432950.0,5.344038461538461,1551.5,298.32533333333333,65.775,8.483333333333333
California,2023,730116.4657003456,California,96334,695400,1956,13434847,7494811,5940036,39242785,6,55.8,7.218635165154566,426525.0,6.806730769230769,1420.5833333333333,305.7504166666667,65.9,7.875
Colorado,2010,223303.8085795573,Colorado,56456,236600,852,1918959,1296670,622289,4887061,8,67.6,4.190874309196542,222700.0,4.689807692307692,585.5,144.66108333333332,66.85,8.0
Colorado,2012,218104.1606283365,Colorado,58244,236800,915,1962753,1293951,668802,5042853,8,65.9,4.065654831398942,244400.0,3.6574999999999998,783.75,140.97799999999998,65.45,4.758333333333334
Colorado,2014,256192.14658116255,Colorado,59448,239400,969,1998314,1295048,703266,5197580,8,64.8,4.027048849414615,285775.0,4.168867924528302,1000.25,164.66633333333334,64.475,5.4750000000000005
Colorado,2016,319492.52933185553,Colorado,62520,264600,1057,2051616,1320617,730999,5359295,8,64.4,4.232245681381958,305125.0,3.6540384615384616,1177.0833333333333,180.89083333333335,63.4,5.208333333333333
Colorado,2018,374736.3907004168,Colorado,68811,313600,1196,2113387,1371145,742242,5531141,8,64.9,4.557410879074567,325275.0,4.544615384615384,1246.8333333333333,202.42791666666668,64.425,6.175
Colorado,2020,414764.073157882,Colorado,75231,369900,1335,2137402,1415324,722078,5684926,8,66.2,4.916856083263548,328150.0,3.111698113207547,1394.3333333333333,222.06316666666666,66.6,4.625
Colorado,2022,550687.6198894894,Colorado,87598,465900,1594,2278044,1507547,770497,5770790,8,66.2,5.318614580241558,432950.0,5.344038461538461,1551.5,298.32533333333333,65.775,8.483333333333333
Colorado,2023,540325.2467402689,Colorado,92470,502200,1693,2325576,1542215,783361,5810774,8,66.3,5.430950578566021,426525.0,6.806730769230769,1420.5833333333333,305.7504166666667,65.9,7.875
Connecticut,2010,252207.4209288135,Connecticut,67740,296500,982,1359218,939984,419234,3545837,9,69.2,4.377029819899616,222700.0,4.689807692307692,585.5,144.66108333333332,66.85,8.0
Connecticut,2012,227164.0853599643,Connecticut,69519,285900,1044,1360184,929560,430624,3572213,9,68.3,4.1125447719328525,244400.0,3.6574999999999998,783.75,140.97799999999998,65.45,4.758333333333334
Connecticut,2014,233102.38786750182,Connecticut,69899,274500,1069,1356206,913043,443163,3592053,9,67.3,3.9270948082232935,285775.0,4.168867924528302,1000.25,164.66633333333334,64.475,5.4750000000000005
Connecticut,2016,237320.92787731477,Connecticut,71755,269300,1094,1354713,900223,454490,3588570,9,66.5,3.7530485680440386,305125.0,3.6540384615384616,1177.0833333333333,180.89083333333335,63.4,5.208333333333333
Connecticut,2018,248581.82683739378,Connecticut,76106,272700,1156,1367374,907134,460240,3581504,9,66.3,3.5831603290147953,325275.0,4.544615384615384,1246.8333333333333,202.42791666666668,64.425,6.175
Connecticut,2020,263071.51829768735,Connecticut,79855,279700,1201,1385437,915408,470029,3570549,9,66.1,3.502598459708221,328150.0,3.111698113207547,1394.3333333333333,222.06316666666666,66.6,4.625
Connecticut,2022,336860.87984000175,Connecticut,90213,323700,1374,1409807,932588,477219,3611317,9,66.2,3.588174653320475,432950.0,5.344038461538461,1551.5,298.32533333333333,65.775,8.483333333333333
Connecticut,2023,361769.6936385844,Connecticut,93760,343200,1431,1420170,939912,480258,3598348,9,66.2,3.660409556313993,426525.0,6.806730769230769,1420.5833333333333,305.7504166666667,65.9,7.875
Delaware,2010,239100.73148681349,Delaware,57599,242300,938,331639,244005,87634,881278,10,73.6,4.206670254691922,222700.0,4.689807692307692,585.5,144.66108333333332,66.85,8.0
Delaware,2012,212025.74418429701,Delaware,60119,241100,985,334076,242788,91288,900131,10,72.7,4.010379414161912,244400.0,3.6574999999999998,783.75,140.97799999999998,65.45,4.758333333333334
Delaware,2014,224103.39251811674,Delaware,60231,232900,1012,339046,242860,96186,917060,10,71.6,3.8667795653401074,285775.0,4.168867924528302,1000.25,164.66633333333334,64.475,5.4750000000000005
Delaware,2016,244682.69892073885,Delaware,61017,233100,1039,348051,246940,101111,934695,10,70.9,3.8202468164609864,305125.0,3.6540384615384616,1177.0833333333333,180.89083333333335,63.4,5.208333333333333
Delaware,2018,261689.70449151724,Delaware,65627,244700,1110,357765,254308,103457,949495,10,71.1,3.7286482697670165,325275.0,4.544615384615384,1246.8333333333333,202.42791666666668,64.425,6.175
Delaware,2020,278747.0321933977,Delaware,69110,258300,1150,370953,264915,106038,967679,10,71.4,3.7375198958182607,328150.0,3.111698113207547,1394.3333333333333,222.06316666666666,66.6,4.625
Delaware,2022,356545.87958234973,Delaware,79325,305200,1286,389000,279923,109077,993635,10,72.0,3.8474629687992437,432950.0,5.344038461538461,1551.5,298.32533333333333,65.775,8.483333333333333
Delaware,2023,370633.4202082695,Delaware,82855,326800,1341,396209,286340,109869,1005872,10,72.3,3.944239937239756,426525.0,6.806730769230769,1420.5833333333333,305.7504166666667,65.9,7.875
District of Columbia,2010,360050.0262057478,District of Columbia,58526,443300,1063,257317,111879,145438,584400,11,43.5,7.574411372723234,222700.0,4.689807692307692,585.5,144.66108333333332,66.85,8.0
District of Columbia,2012,364098.45357101195,District of Columbia,64267,443000,1200,261192,110853,150339,605759,11,42.4,6.893117774285403,244400.0,3.6574999999999998,783.75,140.97799999999998,65.45,4.758333333333334
District of Columbia,2014,449497.26577031676,District of Columbia,69235,454500,1302,267415,111198,156217,633736,11,41.6,6.564598830071495,285775.0,4.168867924528302,1000.25,164.66633333333334,64.475,5.4750000000000005
District of Columbia,2016,501048.951219474,District of Columbia,72935,506100,1362,276546,112672,163874,659009,11,40.7,6.939055323233016,305125.0,3.6540384615384616,1177.0833333333333,180.89083333333335,63.4,5.208333333333333
District of Columbia,2018,549530.3938147821,District of Columbia,82604,568400,1487,281322,117571,163751,684498,11,41.8,6.881022710764612,325275.0,4.544615384615384,1246.8333333333333,202.42791666666668,64.425,6.175
District of Columbia,2020,588939.2231254415,District of Columbia,90842,618100,1607,288307,122648,165659,701974,11,42.5,6.804121441623918,328150.0,3.111698113207547,1394.3333333333333,222.06316666666666,66.6,4.625
District of Columbia,2022,635134.1204458803,District of Columbia,101722,705000,1817,315785,130865,184920,670587,11,41.4,6.930654135781837,432950.0,5.344038461538461,1551.5,298.32533333333333,65.775,8.483333333333333
District of Columbia,2023,611692.0861937257,District of Columbia,106287,724600,1900,321556,132288,189268,672079,11,41.1,6.817390649844289,426525.0,6.806730769230769,1420.5833333333333,305.7504166666667,65.9,7.875
Florida,2010,146401.5524985181,Florida,47661,205600,957,7152844,4986629,2166215,18511620,12,69.7,4.3137995426029665,222700.0,4.689807692307692,585.5,144.66108333333332,66.85,8.0
Florida,2012,132086.46377734074,Florida,47309,170800,987,7147013,4865400,2281613,18885152,12,68.1,3.6103067069690757,244400.0,3.6574999999999998,783.75,140.97799999999998,65.45,4.758333333333334
Florida,2014,166204.796488145,Florida,47212,156200,998,7217508,4772944,2444564,19361792,12,66.1,3.3084808946877913,285775.0,4.168867924528302,1000.25,164.66633333333334,64.475,5.4750000000000005
Florida,2016,198285.1881222081,Florida,48900,166800,1032,7393262,4787320,2605942,19934451,12,64.8,3.411042944785276,305125.0,3.6540384615384616,1177.0833333333333,180.89083333333335,63.4,5.208333333333333
Florida,2018,230649.56212495928,Florida,53267,196800,1128,7621760,4954601,2667159,20598139,12,65.0,3.694595152721197,325275.0,4.544615384615384,1246.8333333333333,202.42791666666668,64.425,6.175
Florida,2020,257027.53982653155,Florida,57703,232000,1218,7931313,5250878,2680435,21216924,12,66.2,4.020588184323172,328150.0,3.111698113207547,1394.3333333333333,222.06316666666666,66.6,4.625
Florida,2022,374163.7194970795,Florida,67917,292200,1444,8353441,5585924,2767517,21634529,12,66.9,4.302310172710809,432950.0,5.344038461538461,1551.5,298.32533333333333,65.775,8.483333333333333
Florida,2023,390680.78105489817,Florida,71711,325000,1564,8550911,5756809,2794102,21928881,12,67.3,4.532080155066866,426525.0,6.806730769230769,1420.5833333333333,305.7504166666667,65.9,7.875
Georgia,2010,138015.0938683066,Georgia,49347,161400,808,3468704,2331778,1136926,9468815,13,67.2,3.2707155450179344,222700.0,4.689807692307692,585.5,144.66108333333332,66.85,8.0
Georgia,2012,121597.7246856054,Georgia,49604,156400,849,3508477,2315287,1193190,9714569,13,66.0,3.152971534553665,244400.0,3.6574999999999998,783.75,140.97799999999998,65.45,4.758333333333334
Georgia,2014,145857.07431670898,Georgia,49342,148000,874,3540690,2272001,1268689,9907756,13,64.2,2.99947306554254,285775.0,4.168867924528302,1000.25,164.66633333333334,64.475,5.4750000000000005
Georgia,2016,165245.18094037267,Georgia,51037,152400,897,3611706,2266411,1345295,10099320,13,62.8,2.9860689303838392,305125.0,3.6540384615384616,1177.0833333333333,180.89083333333335,63.4,5.208333333333333
Georgia,2018,191067.16845982638,Georgia,55679,166800,968,3709488,2339981,1369507,10297484,13,63.1,2.9957434580362436,325275.0,4.544615384615384,1246.8333333333333,202.42791666666668,64.425,6.175
Georgia,2020,220254.26627229454,Georgia,61224,190200,1042,3830264,2453159,1377105,10516579,13,64.0,3.106624852998824,328150.0,3.111698113207547,1394.3333333333333,222.06316666666666,66.6,4.625
Georgia,2022,313410.7985939771,Georgia,71355,245900,1221,3946490,2565877,1380613,10722325,13,65.0,3.4461495340200408,432950.0,5.344038461538461,1551.5,298.32533333333333,65.775,8.483333333333333
Georgia,2023,323227.8974555716,Georgia,74664,272900,1306,4008013,2619529,1388484,10822590,13,65.4,3.655041251473267,426525.0,6.806730769230769,1420.5833333333333,305.7504166666667,65.9,7.875
Hawaii,2010,414434.8055873455,Hawaii,66420,537400,1260,442267,262419,179848,1333591,15,59.3,8.090936464920205,222700.0,4.689807692307692,585.5,144.66108333333332,66.85,8.0
Hawaii,2012,410723.3202820471,Hawaii,67492,517000,1354,447453,260268,187185,1362730,15,58.2,7.66016713091922,244400.0,3.6574999999999998,783.75,140.97799999999998,65.45,4.758333333333334
Hawaii,2014,475036.1590025434,Hawaii,68201,504500,1417,450299,257315,192984,1392704,15,57.1,7.3972522397032305,285775.0,4.168867924528302,1000.25,164.66633333333334,64.475,5.4750000000000005
Hawaii,2016,535461.1225545413,Hawaii,71977,538400,1456,452030,259854,192176,1413673,15,57.5,7.480167275657502,305125.0,3.6540384615384616,1177.0833333333333,180.89083333333335,63.4,5.208333333333333
Hawaii,2018,594778.6484669403,Hawaii,78084,587700,1566,456782,266362,190420,1422029,15,58.3,7.5265099124020285,325275.0,4.544615384615384,1246.8333333333333,202.42791666666668,64.425,6.175
Hawaii,2020,621825.5854880014,Hawaii,83173,636400,1651,467932,282037,185895,1420074,15,60.3,7.651521527418754,328150.0,3.111698113207547,1394.3333333333333,222.06316666666666,66.6,4.625
Hawaii,2022,820544.0625441885,Hawaii,94814,764800,1868,483906,298816,185090,1450589,15,61.8,8.066319319931656,432950.0,5.344038461538461,1551.5,298.32533333333333,65.775,8.483333333333333
Hawaii,2023,823653.5514550392,Hawaii,98317,808200,1938,488991,305869,183122,1445635,15,62.6,8.220348464660232,426525.0,6.806730769230769,1420.5833333333333,305.7504166666667,65.9,7.875
Idaho,2010,161233.52037240003,Idaho,46423,172700,689,570283,404844,165439,1526797,16,71.0,3.7201387243392285,222700.0,4.689807692307692,585.5,144.66108333333332,66.85,8.0
Idaho,2012,148628.85778596613,Idaho,47015,167100,720,577648,404863,172785,1567803,16,70.1,3.5541848346272467,244400.0,3.6574999999999998,783.75,140.97799999999998,65.45,4.758333333333334
Idaho,2014,176583.9143347846,Idaho,47334,160500,738,585259,404981,180278,1599464,16,69.2,3.3907973127139055,285775.0,4.168867924528302,1000.25,164.66633333333334,64.475,5.4750000000000005
Idaho,2016,202175.9133164185,Idaho,49174,167900,764,596107,410538,185569,1635483,16,68.9,3.414405986903648,305125.0,3.6540384615384616,1177.0833333333333,180.89083333333335,63.4,5.208333333333333
Idaho,2018,245968.291236721,Idaho,53089,192300,825,618331,428300,190031,1687809,16,69.3,3.62221929213208,325275.0,4.544615384615384,1246.8333333333333,202.42791666666668,64.425,6.175
Idaho,2020,312581.42277975136,Idaho,58915,235600,887,649299,459428,189871,1754367,16,70.8,3.998981583637444,328150.0,3.111698113207547,1394.3333333333333,222.06316666666666,66.6,4.625
Idaho,2022,476069.1434350176,Idaho,70214,331600,1061,675323,486279,189044,1854109,16,72.0,4.722704873671917,432950.0,5.344038461538461,1551.5,298.32533333333333,65.775,8.483333333333333
Idaho,2023,446735.7597802714,Idaho,74636,376000,1150,693821,502140,191681,1893296,16,72.4,5.037783375314861,426525.0,6.806730769230769,1420.5833333333333,305.7504166666667,65.9,7.875
Illinois,2010,162774.64021959892,Illinois,55735,202500,834,4769951,3300691,1469260,12745359,17,69.2,3.633264555485781,222700.0,4.689807692307692,585.5,144.66108333333332,66.85,8.0
Illinois,2012,140260.56300038027,Illinois,56853,190800,877,4774275,3248521,1525754,12823860,17,68.0,3.3560234288428052,244400.0,3.6574999999999998,783.75,140.97799999999998,65.45,4.758333333333334
Illinois,2014,156073.03143278186,Illinois,57166,175700,903,4778633,3194707,1583926,12868747,17,66.9,3.0735052303816954,285775.0,4.168867924528302,1000.25,164.66633333333334,64.475,5.4750000000000005
Illinois,2016,170208.54500120794,Illinois,59196,174800,925,4802124,3167081,1635043,12851684,17,66.0,2.952902223123184,305125.0,3.6540384615384616,1177.0833333333333,180.89083333333335,63.4,5.208333333333333
Illinois,2018,185993.39609625205,Illinois,63575,187200,984,4830038,3189035,1641003,12821497,17,66.0,2.9445536767597327,325275.0,4.544615384615384,1246.8333333333333,202.42791666666668,64.425,6.175
Illinois,2020,197539.92996397812,Illinois,68428,202100,1038,4884061,3237778,1646283,12716164,17,66.3,2.9534693400362424,328150.0,3.111698113207547,1394.3333333333333,222.06316666666666,66.6,4.625
Illinois,2022,238759.3188263706,Illinois,78433,239100,1179,4968761,3312809,1655952,12757634,17,66.7,3.048461744418803,432950.0,5.344038461538461,1551.5,298.32533333333333,65.775,8.483333333333333
Illinois,2023,245951.3512669328,Illinois,81702,250500,1227,5001904,3343034,1658870,12692653,17,66.8,3.0660204156568995,426525.0,6.806730769230769,1420.5833333333333,305.7504166666667,65.9,7.875
Indiana,2010,113275.56996158724,Indiana,47697,123000,683,2465402,1763781,701621,6417398,18,71.5,2.5787785395307883,222700.0,4.689807692307692,585.5,144.66108333333332,66.85,8.0
Indiana,2012,110564.41350663686,Indiana,48374,123400,719,2478846,1749798,729048,6485530,18,70.6,2.550957125728697,244400.0,3.6574999999999998,783.75,140.97799999999998,65.45,4.758333333333334
Indiana,2014,116899.61329736344,Indiana,48737,122700,741,2492183,1730954,761229,6542411,18,69.5,2.517594435439194,285775.0,4.168867924528302,1000.25,164.66633333333334,64.475,5.4750000000000005
Indiana,2016,127087.48454921193,Indiana,50433,126500,758,2513828,1727511,786317,6589578,18,68.7,2.5082783098368133,305125.0,3.6540384615384616,1177.0833333333333,180.89083333333335,63.4,5.208333333333333
Indiana,2018,143924.14717982567,Indiana,54325,135400,807,2553818,1760732,793086,6637426,18,68.9,2.4924068108605613,325275.0,4.544615384615384,1246.8333333333333,202.42791666666668,64.425,6.175
Indiana,2020,165629.76786835873,Indiana,58235,148900,844,2602770,1808293,794477,6696893,18,69.5,2.5568816004121233,328150.0,3.111698113207547,1394.3333333333333,222.06316666666666,66.6,4.625
Indiana,2022,216156.35436655532,Indiana,67173,183600,967,2653596,1860566,793030,6784403,18,70.1,2.733241034344156,432950.0,5.344038461538461,1551.5,298.32533333333333,65.775,8.483333333333333
Indiana,2023,225213.5706585029,Indiana,70051,201600,1020,2681537,1886485,795052,6811752,18,70.4,2.8779032419237414,426525.0,6.806730769230769,1420.5833333333333,305.7504166666667,65.9,7.875
Iowa,2010,118303.57502908293,Iowa,48872,119200,617,1215954,889912,326042,3016267,19,73.2,2.4390243902439024,222700.0,4.689807692307692,585.5,144.66108333333332,66.85,8.0
Iowa,2012,117464.76696832305,Iowa,51129,123000,655,1223509,888331,335178,3047646,19,72.6,2.4056797512175088,244400.0,3.6574999999999998,783.75,140.97799999999998,65.45,4.758333333333334
Iowa,2014,127095.92402091558,Iowa,52716,126300,689,1232228,884984,347244,3078116,19,71.8,2.3958570452993397,285775.0,4.168867924528302,1000.25,164.66633333333334,64.475,5.4750000000000005
Iowa,2016,138513.7404182163,Iowa,54570,132800,715,1242641,883119,359522,3106589,19,71.1,2.4335715594649074,305125.0,3.6540384615384616,1177.0833333333333,180.89083333333335,63.4,5.208333333333333
Iowa,2018,148871.57157655022,Iowa,58580,142300,766,1256855,894152,362703,3132499,19,71.1,2.4291567087743258,325275.0,4.544615384615384,1246.8333333333333,202.42791666666668,64.425,6.175
Iowa,2020,163809.38989043995,Iowa,61836,153900,806,1273941,906967,366974,3150011,19,71.2,2.488841451581603,328150.0,3.111698113207547,1394.3333333333333,222.06316666666666,66.6,4.625
Iowa,2022,198128.0339480686,Iowa,70571,181600,914,1290139,922684,367455,3188836,19,71.5,2.5732949795241673,432950.0,5.344038461538461,1551.5,298.32533333333333,65.775,8.483333333333333
Iowa,2023,205687.00290549835,Iowa,73147,195900,949,1303763,932618,371145,3195937,19,71.5,2.6781686193555445,426525.0,6.806730769230769,1420.5833333333333,305.7504166666667,65.9,7.875
Kansas,2010,118176.58409854169,Kansas,49424,122600,671,1101672,765049,336623,2809329,20,69.4,2.4805762382648107,222700.0,4.689807692307692,585.5,144.66108333333332,66.85,8.0
Kansas,2012,114491.60506526897,Kansas,51273,127400,715,1109391,756782,352609,2851183,20,68.2,2.4847385563551967,244400.0,3.6574999999999998,783.75,140.97799999999998,65.45,4.758333333333334
Kansas,2014,120010.99525411458,Kansas,51872,129400,748,1112335,746789,365546,2882946,20,67.1,2.4946020974706973,285775.0,4.168867924528302,1000.25,164.66633333333334,64.475,5.4750000000000005
Kansas,2016,131152.62157381556,Kansas,53571,135300,775,1115858,740343,375515,2898292,20,66.3,2.5256202049616396,305125.0,3.6540384615384616,1177.0833333333333,180.89083333333335,63.4,5.208333333333333
Kansas,2018,142682.67449621306,Kansas,57422,145400,831,1124549,745845,378704,2908776,20,66.3,2.53213054230086,325275.0,4.544615384615384,1246.8333333333333,202.42791666666668,64.425,6.175
Kansas,2020,161044.73464959458,Kansas,61091,157600,863,1141985,756309,385676,2912619,20,66.2,2.5797580658362116,328150.0,3.111698113207547,1394.3333333333333,222.06316666666666,66.6,4.625
Kansas,2022,203291.74652025662,Kansas,69747,189300,986,1148635,767875,380760,2935922,20,66.9,2.7140952299023615,432950.0,5.344038461538461,1551.5,298.32533333333333,65.775,8.483333333333333
Kansas,2023,213852.50202302818,Kansas,72639,203400,1029,1160715,776311,384404,2937569,20,66.9,2.8001486804609095,426525.0,6.806730769230769,1420.5833333333333,305.7504166666667,65.9,7.875
Kentucky,2010,113745.68697592481,Kentucky,41576,116800,601,1676708,1171606,505102,4285828,21,69.9,2.8093130652299405,222700.0,4.689807692307692,585.5,144.66108333333332,66.85,8.0
Kentucky,2012,110764.26672562055,Kentucky,42610,120000,638,1691716,1162207,529509,4340167,21,68.7,2.816240319173903,244400.0,3.6574999999999998,783.75,140.97799999999998,65.45,4.758333333333334
Kentucky,2014,115571.78671159758,Kentucky,43342,121600,667,1702235,1152012,550223,4383272,21,67.7,2.8055927276083246,285775.0,4.168867924528302,1000.25,164.66633333333334,64.475,5.4750000000000005
Kentucky,2016,125139.70933140222,Kentucky,44811,126100,690,1718217,1147903,570314,4411989,21,66.8,2.8140411952422397,305125.0,3.6540384615384616,1177.0833333333333,180.89083333333335,63.4,5.208333333333333
Kentucky,2018,139466.7912330547,Kentucky,48392,135300,741,1728681,1157631,571050,4440204,21,67.0,2.7959166804430486,325275.0,4.544615384615384,1246.8333333333333,202.42791666666668,64.425,6.175
Kentucky,2020,158192.50131596837,Kentucky,52238,147100,783,1748053,1181021,567032,4461952,21,67.6,2.8159577319192923,328150.0,3.111698113207547,1394.3333333333333,222.06316666666666,66.6,4.625
Kentucky,2022,198302.23320815407,Kentucky,60183,177000,902,1769102,1205067,564035,4502935,21,68.1,2.941029858930263,432950.0,5.344038461538461,1551.5,298.32533333333333,65.775,8.483333333333333
Kentucky,2023,207669.15256992346,Kentucky,62417,192300,933,1791991,1223574,568417,4510725,21,68.3,3.080891423810821,426525.0,6.806730769230769,1420.5833333333333,305.7504166666667,65.9,7.875
Louisiana,2010,161100.62902134485,Louisiana,43445,130000,712,1641165,1120015,521150,4429940,22,68.2,2.992289101162389,222700.0,4.689807692307692,585.5,144.66108333333332,66.85,8.0
Louisiana,2012,156822.43574636328,Louisiana,44673,137700,762,1696499,1142965,553534,4529605,22,67.4,3.082398764354308,244400.0,3.6574999999999998,783.75,140.97799999999998,65.45,4.758333333333334
Louisiana,2014,164932.01409689712,Louisiana,44991,140400,786,1718876,1139756,579120,4601049,22,66.3,3.120624124824965,285775.0,4.168867924528302,1000.25,164.66633333333334,64.475,5.4750000000000005
Louisiana,2016,179405.6432863964,Louisiana,45652,148300,800,1731398,1132785,598613,4645670,22,65.4,3.2484885656707263,305125.0,3.6540384615384616,1177.0833333333333,180.89083333333335,63.4,5.208333333333333
Louisiana,2018,181119.28716219615,Louisiana,47942,157800,850,1736021,1133084,602937,4663616,22,65.3,3.2914772016186227,325275.0,4.544615384615384,1246.8333333333333,202.42791666666668,64.425,6.175
Louisiana,2020,196270.39380262556,Louisiana,50800,168100,876,1751956,1167628,584328,4664616,22,66.6,3.309055118110236,328150.0,3.111698113207547,1394.3333333333333,222.06316666666666,66.6,4.625
Louisiana,2022,217619.98290925575,Louisiana,57852,198300,996,1765264,1185633,579631,4640546,22,67.2,3.427712092926779,432950.0,5.344038461538461,1551.5,298.32533333333333,65.775,8.483333333333333
Louisiana,2023,212905.62355931048,Louisiana,60023,208700,1038,1783168,1200407,582761,4621025,22,67.3,3.4770004831481267,426525.0,6.806730769230769,1420.5833333333333,305.7504166666667,65.9,7.875
Maine,2010,176803.442955142,Maine,46933,176200,707,551125,402907,148218,1327665,23,73.1,3.7542880276138324,222700.0,4.689807692307692,585.5,144.66108333333332,66.85,8.0
Maine,2012,170962.43177097625,Maine,48219,175600,750,553208,398593,154615,1329084,23,72.1,3.6417179949812315,244400.0,3.6574999999999998,783.75,140.97799999999998,65.45,4.758333333333334
Maine,2014,177887.90432627252,Maine,48804,173600,772,553086,395074,158012,1328535,23,71.4,3.5570854847963282,285775.0,4.168867924528302,1000.25,164.66633333333334,64.475,5.4750000000000005
Maine,2016,191783.91901842714,Maine,50826,176000,790,551109,393966,157143,1329923,23,71.5,3.462794632668319,305125.0,3.6540384615384616,1177.0833333333333,180.89083333333335,63.4,5.208333333333333
Maine,2018,218053.07323178742,Maine,55425,184500,831,556955,402119,154836,1332813,23,72.2,3.328822733423545,325275.0,4.544615384615384,1246.8333333333333,202.42791666666668,64.425,6.175
Maine,2020,249330.94550724336,Maine,59489,198000,873,569551,414939,154612,1340825,23,72.9,3.328346416984653,328150.0,3.111698113207547,1394.3333333333333,222.06316666666666,66.6,4.625
Maine,2022,346417.50649942504,Maine,68251,244800,1009,580172,426239,153933,1366949,23,73.5,3.5867606335438307,432950.0,5.344038461538461,1551.5,298.32533333333333,65.775,8.483333333333333
Maine,2023,367356.53268168983,Maine,71773,266400,1084,589085,436029,153056,1377400,23,74.0,3.7117021721260084,426525.0,6.806730769230769,1420.5833333333333,305.7504166666667,65.9,7.875
Maryland,2010,259637.6422547314,Maryland,70647,329400,1091,2121047,1464162,656885,5696423,24,69.0,4.662618370206803,222700.0,4.689807692307692,585.5,144.66108333333332,66.85,8.0
Maryland,2012,240496.40524890213,Maryland,72999,304900,1172,2138806,1456472,682334,5785496,24,68.1,4.176769544788285,244400.0,3.6574999999999998,783.75,140.97799999999998,65.45,4.758333333333334
Maryland,2014,266707.21826682956,Maryland,74149,287500,1218,2155983,1445880,710103,5887776,24,67.1,3.877328082644405,285775.0,4.168867924528302,1000.25,164.66633333333334,64.475,5.4750000000000005
Maryland,2016,281297.14504515706,Maryland,76067,290400,1264,2177492,1447783,729709,5959902,24,66.5,3.817687039057673,305125.0,3.6540384615384616,1177.0833333333333,180.89083333333335,63.4,5.208333333333333
Maryland,2018,301700.1818319627,Maryland,81868,305500,1357,2192518,1463941,728577,6003435,24,66.8,3.731616748912884,325275.0,4.544615384615384,1246.8333333333333,202.42791666666668,64.425,6.175
Maryland,2020,326901.7105542319,Maryland,87063,325400,1415,2230527,1495828,734699,6037624,24,67.1,3.7375234025935242,328150.0,3.111698113207547,1394.3333333333333,222.06316666666666,66.6,4.625
Maryland,2022,392780.9956731021,Maryland,98461,380500,1598,2318124,1564056,754068,6161707,24,67.5,3.864474258843603,432950.0,5.344038461538461,1551.5,298.32533333333333,65.775,8.483333333333333
Maryland,2023,401930.27913298056,Maryland,101652,397700,1662,2339510,1578702,760808,6170738,24,67.5,3.912367685830087,426525.0,6.806730769230769,1420.5833333333333,305.7504166666667,65.9,7.875
Massachusetts,2010,305911.47025921656,Massachusetts,64509,352300,1006,2512552,1608474,904078,6477096,25,64.0,5.4612534685082705,222700.0,4.689807692307692,585.5,144.66108333333332,66.85,8.0
Massachusetts,2012,288511.1243582775,Massachusetts,66658,335500,1056,2525694,1595959,929735,6560595,25,63.2,5.033154310060308,244400.0,3.6574999999999998,783.75,140.97799999999998,65.45,4.758333333333334
Massachusetts,2014,322815.5391053144,Massachusetts,67846,329900,1088,2538485,1580938,957547,6657291,25,62.3,4.862482681366624,285775.0,4.168867924528302,1000.25,164.66633333333334,64.475,5.4750000000000005
Massachusetts,2016,360095.94835243374,Massachusetts,70954,341000,1129,2558889,1588743,970146,6742143,25,62.1,4.805930602925839,305125.0,3.6540384615384616,1177.0833333333333,180.89083333333335,63.4,5.208333333333333
Massachusetts,2018,408131.3407630043,Massachusetts,77378,366800,1225,2601914,1621053,980861,6830193,25,62.3,4.740365478559798,325275.0,4.544615384615384,1246.8333333333333,202.42791666666668,64.425,6.175
Massachusetts,2020,441124.23044056725,Massachusetts,84385,398800,1336,2646980,1654892,992088,6873003,25,62.5,4.725958404929786,328150.0,3.111698113207547,1394.3333333333333,222.06316666666666,66.6,4.625
Massachusetts,2022,554118.3878114171,Massachusetts,96505,483900,1588,2740995,1711341,1029654,6984205,25,62.4,5.01424796642661,432950.0,5.344038461538461,1551.5,298.32533333333333,65.775,8.483333333333333
Massachusetts,2023,575591.7240176544,Massachusetts,101341,525800,1687,2762070,1728986,1033084,6992395,25,62.6,5.188423244294017,426525.0,6.806730769230769,1420.5833333333333,305.7504166666667,65.9,7.875
Michigan,2010,98869.43592720454,Michigan,48432,144200,723,3843997,2852374,991623,9952687,26,74.2,2.9773703336636936,222700.0,4.689807692307692,585.5,144.66108333333332,66.85,8.0
Michigan,2012,94313.47497785852,Michigan,48471,128600,755,3818931,2780213,1038718,9897264,26,72.8,2.6531328010563016,244400.0,3.6574999999999998,783.75,140.97799999999998,65.45,4.758333333333334
Michigan,2014,116669.71343256407,Michigan,49087,120200,780,3827880,2738012,1089868,9889024,26,71.5,2.4487135086682827,285775.0,4.168867924528302,1000.25,164.66633333333334,64.475,5.4750000000000005
Michigan,2016,133684.00921701072,Michigan,50803,127800,799,3860394,2732051,1128343,9909600,26,70.8,2.5155994724720983,305125.0,3.6540384615384616,1177.0833333333333,180.89083333333335,63.4,5.208333333333333
Michigan,2018,154928.30460548238,Michigan,54938,146200,850,3909509,2777114,1132395,9957488,26,71.0,2.6611816957297316,325275.0,4.544615384615384,1246.8333333333333,202.42791666666668,64.425,6.175
Michigan,2020,175244.53553031327,Michigan,59234,162600,892,3980408,2855485,1124923,9973907,26,71.7,2.745045075463416,328150.0,3.111698113207547,1394.3333333333333,222.06316666666666,66.6,4.625
Michigan,2022,221629.34942567095,Michigan,68505,201100,1037,4009253,2906470,1102783,10057921,26,72.5,2.9355521494781405,432950.0,5.344038461538461,1551.5,298.32533333333333,65.775,8.483333333333333
Michigan,2023,227290.6668601655,Michigan,71149,217600,1084,4040168,2946157,1094011,10051595,26,72.9,3.058370461988222,426525.0,6.806730769230769,1420.5833333333333,305.7504166666667,65.9,7.875
Minnesota,2010,170853.27150626335,Minnesota,57243,206200,759,2085917,1548127,537790,5241914,27,74.2,3.60218716698985,222700.0,4.689807692307692,585.5,144.66108333333332,66.85,8.0
Minnesota,2012,155426.98415238675,Minnesota,59126,194300,802,2101875,1534719,567156,5313081,27,73.0,3.286202347529006,244400.0,3.6574999999999998,783.75,140.97799999999998,65.45,4.758333333333334
Minnesota,2014,183332.73197991436,Minnesota,60828,185200,835,2115337,1525201,590136,5383661,27,72.1,3.0446504899059645,285775.0,4.168867924528302,1000.25,164.66633333333334,64.475,5.4750000000000005
Minnesota,2016,204951.6550728311,Minnesota,63217,191500,873,2135310,1525611,609699,5450868,27,71.4,3.0292484616479745,305125.0,3.6540384615384616,1177.0833333333333,180.89083333333335,63.4,5.208333333333333
Minnesota,2018,234078.67274298894,Minnesota,68411,211800,944,2167801,1551290,616511,5527358,27,71.6,3.0959933344052857,325275.0,4.544615384615384,1246.8333333333333,202.42791666666668,64.425,6.175
Minnesota,2020,260304.70194321402,Minnesota,73382,235700,1010,2207988,1588611,619377,5600166,27,71.9,3.211959336076967,328150.0,3.111698113207547,1394.3333333333333,222.06316666666666,66.6,4.625
Minnesota,2022,317913.89098195353,Minnesota,84313,286800,1178,2256126,1631701,624425,5695292,27,72.3,3.4016106650220013,432950.0,5.344038461538461,1551.5,298.32533333333333,65.775,8.483333333333333
Minnesota,2023,320303.46087406843,Minnesota,87556,305500,1235,2282967,1652534,630433,5713716,27,72.4,3.4891954863173282,426525.0,6.806730769230769,1420.5833333333333,305.7504166666667,65.9,7.875
Mississippi,2010,116812.16546068259,Mississippi,37881,96500,648,1081052,765685,315367,2941991,28,70.8,2.547451228848235,222700.0,4.689807692307692,585.5,144.66108333333332,66.85,8.0
Mississippi,2012,113743.74504174921,Mississippi,38882,100200,688,1087791,760513,327278,2967620,28,69.9,2.577027930662003,244400.0,3.6574999999999998,783.75,140.97799999999998,65.45,4.758333333333334
Mississippi,2014,117718.12588185676,Mississippi,39464,100800,714,1092627,752825,339802,2984345,28,68.9,2.5542266369349282,285775.0,4.168867924528302,1000.25,164.66633333333334,64.475,5.4750000000000005
Mississippi,2016,132473.5567499625,Mississippi,40528,105700,723,1098803,746399,352404,2989192,28,67.9,2.6080734307145677,305125.0,3.6540384615384616,1177.0833333333333,180.89083333333335,63.4,5.208333333333333
Mississippi,2018,137567.68426294846,Mississippi,43567,114500,762,1105576,754018,351558,2988762,28,68.2,2.6281359744760944,325275.0,4.544615384615384,1246.8333333333333,202.42791666666668,64.425,6.175
Mississippi,2020,149378.48711668764,Mississippi,46511,125500,789,1116649,767972,348677,2981835,28,68.8,2.698286426866763,328150.0,3.111698113207547,1394.3333333333333,222.06316666666666,66.6,4.625
Mississippi,2022,183477.07071144457,Mississippi,52985,151000,896,1121269,775465,345804,2958846,28,69.2,2.8498631688213645,432950.0,5.344038461538461,1551.5,298.32533333333333,65.775,8.483333333333333
Mississippi,2023,182278.73207459008,Mississippi,54915,161400,923,1131760,786289,345471,2951438,28,69.5,2.939087680961486,426525.0,6.806730769230769,1420.5833333333333,305.7504166666667,65.9,7.875
Missouri,2010,130007.52985213614,Missouri,46262,137700,667,2349955,1645022,704933,5922314,29,70.0,2.976525009727206,222700.0,4.689807692307692,585.5,144.66108333333332,66.85,8.0
Missouri,2012,120665.62389151329,Missouri,47333,138400,712,2358270,1626389,731881,5982413,29,69.0,2.9239642532693892,244400.0,3.6574999999999998,783.75,140.97799999999998,65.45,4.758333333333334
Missouri,2014,128187.36880845805,Missouri,47764,136700,740,2361232,1604282,756950,6028076,29,67.9,2.861988108198643,285775.0,4.168867924528302,1000.25,164.66633333333334,64.475,5.4750000000000005
Missouri,2016,140823.88115101572,Missouri,49593,141200,759,2372362,1584735,787627,6059651,29,66.8,2.8471760127437338,305125.0,3.6540384615384616,1177.0833333333333,180.89083333333335,63.4,5.208333333333333
Missouri,2018,156955.0875584171,Missouri,53560,151600,809,2396271,1601845,794426,6090062,29,66.8,2.830470500373413,325275.0,4.544615384615384,1246.8333333333333,202.42791666666668,64.425,6.175
Missouri,2020,175951.96674127007,Missouri,57290,163600,843,2440212,1637374,802838,6124160,29,67.1,2.8556467097224645,328150.0,3.111698113207547,1394.3333333333333,222.06316666666666,66.6,4.625
Missouri,2022,227800.55271065503,Missouri,65920,199400,957,2458324,1661854,796470,6154422,29,67.6,3.024878640776699,432950.0,5.344038461538461,1551.5,298.32533333333333,65.775,8.483333333333333
Missouri,2023,236668.1418127957,Missouri,68920,215600,996,2484834,1688072,796762,6168181,29,67.9,3.1282646546720834,426525.0,6.806730769230769,1420.5833333333333,305.7504166666667,65.9,7.875
Montana,2010,181166.9169148115,Montana,43872,173300,629,401328,277023,124305,973739,30,69.0,3.950127644055434,222700.0,4.689807692307692,585.5,144.66108333333332,66.85,8.0
Montana,2012,178549.5403180135,Montana,45456,183000,667,405508,277816,127692,990785,30,68.5,4.025871172122492,244400.0,3.6574999999999998,783.75,140.97799999999998,65.45,4.758333333333334
Montana,2014,198654.6003817217,Montana,46766,187600,696,407797,276201,131596,1006370,30,67.7,4.011461318051576,285775.0,4.168867924528302,1000.25,164.66633333333334,64.475,5.4750000000000005
Montana,2016,222554.0363282666,Montana,48380,199700,732,412653,277307,135346,1023391,30,67.2,4.127738735014469,305125.0,3.6540384615384616,1177.0833333333333,180.89083333333335,63.4,5.208333333333333
Montana,2018,247047.48566828927,Montana,52559,219600,783,423240,286553,136687,1041732,30,67.7,4.178161684963564,325275.0,4.544615384615384,1246.8333333333333,202.42791666666668,64.425,6.175
Montana,2020,281484.97778287623,Montana,56539,244900,836,436048,298728,137320,1061705,30,68.5,4.331523373246785,328150.0,3.111698113207547,1394.3333333333333,222.06316666666666,66.6,4.625
Montana,2022,423840.2815297647,Montana,66341,305700,974,443917,306432,137485,1091840,30,69.0,4.608010129482522,432950.0,5.344038461538461,1551.5,298.32533333333333,65.775,8.483333333333333
Montana,2023,425394.40822307416,Montana,69922,338100,1031,452683,314266,138417,1105072,30,69.4,4.835388003775636,426525.0,6.806730769230769,1420.5833333333333,305.7504166666667,65.9,7.875
Nebraska,2010,128606.34316608876,Nebraska,49342,123900,648,711771,488034,223737,1799125,31,68.6,2.5110453568967612,222700.0,4.689807692307692,585.5,144.66108333333332,66.85,8.0
Nebraska,2012,125479.63275464442,Nebraska,51381,126700,687,721026,487740,233286,1827306,31,67.6,2.465892061267784,244400.0,3.6574999999999998,783.75,140.97799999999998,65.45,4.758333333333334
Nebraska,2014,134579.3069437058,Nebraska,52400,130100,721,731347,486036,245311,1855617,31,66.5,2.482824427480916,285775.0,4.168867924528302,1000.25,164.66633333333334,64.475,5.4750000000000005
Nebraska,2016,148775.4118865225,Nebraska,54384,137300,745,741581,489806,251775,1881259,31,66.0,2.524639599882318,305125.0,3.6540384615384616,1177.0833333333333,180.89083333333335,63.4,5.208333333333333
Nebraska,2018,166759.14765398265,Nebraska,59116,147800,805,754063,498567,255496,1904760,31,66.1,2.5001691589417416,325275.0,4.544615384615384,1246.8333333333333,202.42791666666668,64.425,6.175
Nebraska,2020,187858.272739995,Nebraska,63015,164000,857,766663,507291,259372,1923826,31,66.2,2.6025549472347853,328150.0,3.111698113207547,1394.3333333333333,222.06316666666666,66.6,4.625
Nebraska,2022,235534.90242685983,Nebraska,71722,205600,987,776379,516651,259728,1958939,31,66.5,2.8666239089819023,432950.0,5.344038461538461,1551.5,298.32533333333333,65.775,8.483333333333333
Nebraska,2023,247553.66838214663,Nebraska,74985,223800,1035,786885,523603,263282,1965926,31,66.5,2.984596919383877,426525.0,6.806730769230769,1420.5833333333333,305.7504166666667,65.9,7.875
Nevada,2010,149850.7091222566,Nevada,55726,254200,998,979621,589050,390571,2633331,32,60.1,4.5616049958726625,222700.0,4.689807692307692,585.5,144.66108333333332,66.85,8.0
Nevada,2012,132475.1845229951,Nevada,54083,190900,1001,992896,574281,418615,2704204,32,57.8,3.5297598136198065,244400.0,3.6574999999999998,783.75,140.97799999999998,65.45,4.758333333333334
Nevada,2014,192806.75561102145,Nevada,52205,167100,980,1005958,559911,446047,2761584,32,55.7,3.200842831146442,285775.0,4.168867924528302,1000.25,164.66633333333334,64.475,5.4750000000000005
Nevada,2016,226637.69261774863,Nevada,53094,191600,984,1030701,564787,465914,2839172,32,54.8,3.6086940143895734,305125.0,3.6540384615384616,1177.0833333333333,180.89083333333335,63.4,5.208333333333333
Nevada,2018,282534.8838762184,Nevada,57598,242400,1060,1075930,600520,475410,2922849,32,55.8,4.2084794610923995,325275.0,4.544615384615384,1246.8333333333333,202.42791666666668,64.425,6.175
Nevada,2020,314358.2823734621,Nevada,62043,290200,1159,1130011,644864,485147,3030281,32,57.1,4.677401157261899,328150.0,3.111698113207547,1394.3333333333333,222.06316666666666,66.6,4.625
Nevada,2022,438646.2881123172,Nevada,71646,373800,1382,1163671,679960,483711,3104817,32,58.4,5.2173184825391505,432950.0,5.344038461538461,1551.5,298.32533333333333,65.775,8.483333333333333
Nevada,2023,420342.6914340186,Nevada,75561,406100,1489,1183393,701914,481479,3141000,32,59.3,5.374465663503659,426525.0,6.806730769230769,1420.5833333333333,305.7504166666667,65.9,7.875
New Hampshire,2010,212168.3594290722,New Hampshire,63277,253200,933,513804,373237,140567,1313939,33,72.6,4.0014539248068015,222700.0,4.689807692307692,585.5,144.66108333333332,66.85,8.0
New Hampshire,2012,201929.73092031726,New Hampshire,64925,245600,972,516845,372021,144824,1317474,33,72.0,3.782826338082403,244400.0,3.6574999999999998,783.75,140.97799999999998,65.45,4.758333333333334
New Hampshire,2014,214829.4036379965,New Hampshire,65986,237400,1001,519580,369160,150420,1321069,33,71.0,3.5977328524232415,285775.0,4.168867924528302,1000.25,164.66633333333334,64.475,5.4750000000000005
New Hampshire,2016,234434.43613113763,New Hampshire,68485,239700,1021,521373,368553,152820,1327503,33,70.7,3.500036504344017,305125.0,3.6540384615384616,1177.0833333333333,180.89083333333335,63.4,5.208333333333333
New Hampshire,2018,265987.8284190642,New Hampshire,74057,252800,1077,528078,374758,153320,1343622,33,71.0,3.4135868317647216,325275.0,4.544615384615384,1246.8333333333333,202.42791666666668,64.425,6.175
New Hampshire,2020,299314.8219025375,New Hampshire,77923,272300,1145,539116,383839,155277,1355244,33,71.2,3.4944753153754347,328150.0,3.111698113207547,1394.3333333333333,222.06316666666666,66.6,4.625
New Hampshire,2022,408332.22499173693,New Hampshire,90845,337100,1336,545116,393945,151171,1379610,33,72.3,3.710716054818647,432950.0,5.344038461538461,1551.5,298.32533333333333,65.775,8.483333333333333
New Hampshire,2023,435117.0172381811,New Hampshire,95628,367200,1423,551186,399663,151523,1387834,33,72.5,3.8398795331911155,426525.0,6.806730769230769,1420.5833333333333,305.7504166666667,65.9,7.875
New Jersey,2010,299120.2973752018,New Jersey,69811,357000,1092,3176069,2126279,1049790,8721577,34,66.9,5.113807279655068,222700.0,4.689807692307692,585.5,144.66108333333332,66.85,8.0
New Jersey,2012,270509.2320554292,New Jersey,71637,337900,1154,3186878,2108166,1078712,8793888,34,66.2,4.716836271759007,244400.0,3.6574999999999998,783.75,140.97799999999998,65.45,4.758333333333334
New Jersey,2014,290029.5360890342,New Jersey,72062,319900,1188,3188498,2073915,1114583,8874374,34,65.0,4.439232882795371,285775.0,4.168867924528302,1000.25,164.66633333333334,64.475,5.4750000000000005
New Jersey,2016,306252.4940787188,New Jersey,73702,316400,1213,3195014,2047794,1147220,8915456,34,64.1,4.292963555941494,305125.0,3.6540384615384616,1177.0833333333333,180.89083333333335,63.4,5.208333333333333
New Jersey,2018,329594.837982072,New Jersey,79363,327900,1295,3213362,2054413,1158949,8881845,34,63.9,4.131648249184129,325275.0,4.544615384615384,1246.8333333333333,202.42791666666668,64.425,6.175
New Jersey,2020,361636.7542383189,New Jersey,85245,343500,1368,3272054,2094427,1177627,8885418,34,64.0,4.029561851134964,328150.0,3.111698113207547,1394.3333333333333,222.06316666666666,66.6,4.625
New Jersey,2022,453529.24371758295,New Jersey,97126,401400,1577,3438162,2195831,1242331,9249063,34,63.9,4.132775981714474,432950.0,5.344038461538461,1551.5,298.32533333333333,65.775,8.483333333333333
New Jersey,2023,479951.5406199691,New Jersey,101050,427600,1653,3478355,2215482,1262873,9267014,34,63.7,4.23156853043048,426525.0,6.806730769230769,1420.5833333333333,305.7504166666667,65.9,7.875
New Mexico,2010,173731.78842789037,New Mexico,43820,158400,683,756112,526585,229527,2013122,35,69.6,3.6147877681424005,222700.0,4.689807692307692,585.5,144.66108333333332,66.85,8.0
New Mexico,2012,161420.03709452887,New Mexico,44886,161500,736,763844,526495,237349,2055287,35,68.9,3.598003831929778,244400.0,3.6574999999999998,783.75,140.97799999999998,65.45,4.758333333333334
New Mexico,2014,165445.33435860873,New Mexico,44968,159300,774,764684,521278,243406,2080085,35,68.2,3.5425191247109056,285775.0,4.168867924528302,1000.25,164.66633333333334,64.475,5.4750000000000005
New Mexico,2016,172715.05849287452,New Mexico,45674,161600,792,762551,516819,245732,2082669,35,67.8,3.538117966457941,305125.0,3.6540384615384616,1177.0833333333333,180.89083333333335,63.4,5.208333333333333
New Mexico,2018,184158.9014418166,New Mexico,48059,166800,828,775651,524242,251409,2092434,35,67.6,3.4707338895940407,325275.0,4.544615384615384,1246.8333333333333,202.42791666666668,64.425,6.175
New Mexico,2020,209402.08879014725,New Mexico,51243,175700,857,792755,539082,253673,2097021,35,68.0,3.4287610015026444,328150.0,3.111698113207547,1394.3333333333333,222.06316666666666,66.6,4.625
New Mexico,2022,276369.79828386125,New Mexico,58722,216000,966,812852,558179,254673,2112463,35,68.7,3.6783488300807194,432950.0,5.344038461538461,1551.5,298.32533333333333,65.775,8.483333333333333
New Mexico,2023,288598.54040381225,New Mexico,62125,232200,1021,825021,572064,252957,2114768,35,69.3,3.737625754527163,426525.0,6.806730769230769,1420.5833333333333,305.7504166666667,65.9,7.875
New York,2010,258251.59613039365,New York,55603,303900,977,7205740,3977188,3228552,19229752,36,55.2,5.465532435300253,222700.0,4.689807692307692,585.5,144.66108333333332,66.85,8.0
New York,2012,249070.6884064762,New York,57683,295300,1061,7230896,3940688,3290208,19398125,36,54.5,5.119359256626736,244400.0,3.6574999999999998,783.75,140.97799999999998,65.45,4.758333333333334
New York,2014,263955.7256231544,New York,58687,283700,1117,7255528,3906991,3348537,19594330,36,53.8,4.834119992502599,285775.0,4.168867924528302,1000.25,164.66633333333334,64.475,5.4750000000000005
New York,2016,284748.5818365567,New York,60741,286300,1159,7266187,3894613,3371574,19697457,36,53.6,4.713455491348513,305125.0,3.6540384615384616,1177.0833333333333,180.89083333333335,63.4,5.208333333333333
New York,2018,320088.6195493967,New York,65323,302200,1240,7316537,3943356,3373181,19618453,36,53.9,4.62624190560752,325275.0,4.544615384615384,1246.8333333333333,202.42791666666668,64.425,6.175
New York,2020,353588.3141207029,New York,71117,325000,1315,7417224,4014516,3402708,19514849,36,54.1,4.569934052336291,328150.0,3.111698113207547,1394.3333333333333,222.06316666666666,66.6,4.625
New York,2022,427218.2140732028,New York,81386,384100,1507,7604523,4128119,3476404,19994379,36,54.3,4.7194849236969505,432950.0,5.344038461538461,1551.5,298.32533333333333,65.775,8.483333333333333
New York,2023,436144.43010701536,New York,84578,403000,1576,7668956,4164793,3504163,19872319,36,54.3,4.764832462342453,426525.0,6.806730769230769,1420.5833333333333,305.7504166666667,65.9,7.875
North Carolina,2010,158965.43603119793,North Carolina,45570,149100,718,3626179,2468489,1157690,9271178,37,68.1,3.271889400921659,222700.0,4.689807692307692,585.5,144.66108333333332,66.85,8.0
North Carolina,2012,148885.64530034026,North Carolina,46450,153600,759,3693221,2477360,1215861,9544249,37,67.1,3.3067814854682456,244400.0,3.6574999999999998,783.75,140.97799999999998,65.45,4.758333333333334
North Carolina,2014,156622.48160794243,North Carolina,46693,153600,790,3742514,2461741,1280773,9750405,37,65.8,3.2895723127663676,285775.0,4.168867924528302,1000.25,164.66633333333334,64.475,5.4750000000000005
North Carolina,2016,170660.7546244517,North Carolina,48256,157100,816,3815392,2471723,1343669,9940828,37,64.8,3.2555537135278514,305125.0,3.6540384615384616,1177.0833333333333,180.89083333333335,63.4,5.208333333333333
North Carolina,2018,193075.1804213703,North Carolina,52413,165900,877,3918597,2548705,1369892,10155624,37,65.0,3.165245263579646,325275.0,4.544615384615384,1246.8333333333333,202.42791666666668,64.425,6.175
North Carolina,2020,220620.57094330658,North Carolina,56642,182100,932,4031592,2649849,1381743,10386227,37,65.7,3.2149288513823664,328150.0,3.111698113207547,1394.3333333333333,222.06316666666666,66.6,4.625
North Carolina,2022,308352.5415945466,North Carolina,66186,234900,1093,4105232,2717961,1387271,10470214,37,66.2,3.549088931193908,432950.0,5.344038461538461,1551.5,298.32533333333333,65.775,8.483333333333333
North Carolina,2023,319954.1834483551,North Carolina,69904,259400,1162,4186924,2778672,1408252,10584340,37,66.4,3.710803387502861,426525.0,6.806730769230769,1420.5833333333333,305.7504166666667,65.9,7.875
North Dakota,2010,160727.80836344094,North Dakota,46781,111300,555,276642,184117,92525,659858,38,66.6,2.3791710309741134,222700.0,4.689807692307692,585.5,144.66108333333332,66.85,8.0
North Dakota,2012,169683.7863980614,North Dakota,51641,123900,610,282667,187567,95100,676253,38,66.4,2.39925640479464,244400.0,3.6574999999999998,783.75,140.97799999999998,65.45,4.758333333333334
North Dakota,2014,202463.8471709909,North Dakota,55579,142000,676,292616,190620,101996,704925,38,65.1,2.554921822990698,285775.0,4.168867924528302,1000.25,164.66633333333334,64.475,5.4750000000000005
North Dakota,2016,223258.97211284368,North Dakota,59114,164000,736,305163,193909,111254,736162,38,63.5,2.7743005041107014,305125.0,3.6540384615384616,1177.0833333333333,180.89083333333335,63.4,5.208333333333333
North Dakota,2018,215855.10289740353,North Dakota,63473,185000,806,314903,197347,117556,752201,38,62.7,2.9146251161911363,325275.0,4.544615384615384,1246.8333333333333,202.42791666666668,64.425,6.175
North Dakota,2020,225002.71995296373,North Dakota,65315,199900,828,320873,200671,120202,760394,38,62.5,3.0605527061165123,328150.0,3.111698113207547,1394.3333333333333,222.06316666666666,66.6,4.625
North Dakota,2022,252302.6835898006,North Dakota,73959,232500,912,320038,202213,117825,776874,38,63.2,3.143633634851742,432950.0,5.344038461538461,1551.5,298.32533333333333,65.775,8.483333333333333
North Dakota,2023,254876.1848489911,North Dakota,75949,241100,934,325079,206123,118956,779361,38,63.4,3.174498676743604,426525.0,6.806730769230769,1420.5833333333333,305.7504166666667,65.9,7.875
Ohio,2010,114916.86368306068,Ohio,47358,136400,678,4552270,3149052,1403218,11512431,39,69.2,2.880189197178935,222700.0,4.689807692307692,585.5,144.66108333333332,66.85,8.0
Ohio,2012,107578.6413364593,Ohio,48246,133700,710,4555709,3098283,1457426,11533561,39,68.0,2.771214193922812,244400.0,3.6574999999999998,783.75,140.97799999999998,65.45,4.758333333333334
Ohio,2014,114512.55146771863,Ohio,48849,129600,729,4570015,3056206,1513809,11560380,39,66.9,2.6530737579070194,285775.0,4.168867924528302,1000.25,164.66633333333334,64.475,5.4750000000000005
Ohio,2016,125287.9280972582,Ohio,50674,131900,743,4601449,3035485,1565964,11586941,39,66.0,2.602912736314481,305125.0,3.6540384615384616,1177.0833333333333,180.89083333333335,63.4,5.208333333333333
Ohio,2018,139645.94911307437,Ohio,54533,140000,788,4654075,3071227,1582848,11641879,39,66.0,2.5672528560688024,325275.0,4.544615384615384,1246.8333333333333,202.42791666666668,64.425,6.175
Ohio,2020,158820.66739937302,Ohio,58116,151400,825,4717226,3128172,1589054,11675275,39,66.3,2.6051345584692682,328150.0,3.111698113207547,1394.3333333333333,222.06316666666666,66.6,4.625
Ohio,2022,200344.92564004907,Ohio,66990,183300,945,4789408,3200314,1589094,11774683,39,66.8,2.736229287953426,432950.0,5.344038461538461,1551.5,298.32533333333333,65.775,8.483333333333333
Ohio,2023,209395.760749994,Ohio,69680,199200,988,4829571,3235568,1594003,11780046,39,67.0,2.8587830080367396,426525.0,6.806730769230769,1420.5833333333333,305.7504166666667,65.9,7.875
Oklahoma,2010,112649.88971585523,Oklahoma,42979,104300,633,1421705,969959,451746,3675339,40,68.2,2.426766560413225,222700.0,4.689807692307692,585.5,144.66108333333332,66.85,8.0
Oklahoma,2012,109730.41226202059,Oklahoma,44891,110800,679,1439292,971017,468275,3749005,40,67.5,2.468200752934887,244400.0,3.6574999999999998,783.75,140.97799999999998,65.45,4.758333333333334
Oklahoma,2014,116711.01799249399,Oklahoma,46235,115000,717,1450117,964573,485544,3818851,40,66.5,2.4872931761652426,285775.0,4.168867924528302,1000.25,164.66633333333334,64.475,5.4750000000000005
Oklahoma,2016,125066.55176856225,Oklahoma,48038,121300,742,1461500,960161,501339,3875589,40,65.7,2.525084308255964,305125.0,3.6540384615384616,1177.0833333333333,180.89083333333335,63.4,5.208333333333333
Oklahoma,2018,133165.64046961846,Oklahoma,51424,130900,793,1474620,967038,507582,3918137,40,65.6,2.5455040448039825,325275.0,4.544615384615384,1246.8333333333333,202.42791666666668,64.425,6.175
Oklahoma,2020,148878.04060691476,Oklahoma,53840,142400,818,1493569,986555,507014,3949342,40,66.1,2.6448736998514115,328150.0,3.111698113207547,1394.3333333333333,222.06316666666666,66.6,4.625
Oklahoma,2022,192354.8521492751,Oklahoma,61364,170500,934,1522711,1004078,518633,3970497,40,65.9,2.7785020533211653,432950.0,5.344038461538461,1551.5,298.32533333333333,65.775,8.483333333333333
Oklahoma,2023,200934.91878007507,Oklahoma,63603,185900,980,1542780,1015207,527573,3995260,40,65.8,2.9228181060641796,426525.0,6.806730769230769,1420.5833333333333,305.7504166666667,65.9,7.875
Oregon,2010,221969.54363854908,Oregon,49260,252600,795,1499267,956144,543123,3761925,41,63.8,5.1278928136419,222700.0,4.689807692307692,585.5,144.66108333333332,66.85,8.0
Oregon,2012,198651.16753965672,Oregon,50036,246100,854,1512718,945824,566894,3836628,41,62.5,4.918458709728995,244400.0,3.6574999999999998,783.75,140.97799999999998,65.45,4.758333333333334
Oregon,2014,236798.94699307947,Oregon,50521,234100,894,1522988,936806,586182,3900343,41,61.5,4.633716672274896,285775.0,4.168867924528302,1000.25,164.66633333333334,64.475,5.4750000000000005
Oregon,2016,291387.96612323174,Oregon,53270,247200,941,1545745,948587,597158,3982267,41,61.4,4.6405106063450345,305125.0,3.6540384615384616,1177.0833333333333,180.89083333333335,63.4,5.208333333333333
Oregon,2018,341653.63059451705,Oregon,59393,287300,1050,1591835,985523,606312,4081943,41,61.9,4.837270385398953,325275.0,4.544615384615384,1246.8333333333333,202.42791666666668,64.425,6.175
Oregon,2020,376712.6276508056,Oregon,65667,336700,1173,1642579,1031006,611573,4176346,41,62.8,5.127385140176953,328150.0,3.111698113207547,1394.3333333333333,222.06316666666666,66.6,4.625
Oregon,2022,493165.6182621293,Oregon,76632,423100,1373,1680800,1062522,618278,4229374,41,63.2,5.521192191251696,432950.0,5.344038461538461,1551.5,298.32533333333333,65.775,8.483333333333333
Oregon,2023,484098.03106428887,Oregon,80426,454200,1450,1701548,1078343,623205,4238714,41,63.4,5.647427448834954,426525.0,6.806730769230769,1420.5833333333333,305.7504166666667,65.9,7.875
Pennsylvania,2010,161381.36712488017,Pennsylvania,50398,159300,739,4940581,3508612,1431969,12612705,42,71.0,3.1608397158617407,222700.0,4.689807692307692,585.5,144.66108333333332,66.85,8.0
Pennsylvania,2012,152808.11373149572,Pennsylvania,52267,164900,794,4959633,3478602,1481031,12699589,42,70.1,3.1549543689134634,244400.0,3.6574999999999998,783.75,140.97799999999998,65.45,4.758333333333334
Pennsylvania,2014,156656.48983019477,Pennsylvania,53115,164900,832,4957736,3446230,1511506,12758729,42,69.5,3.1045843923562084,285775.0,4.168867924528302,1000.25,164.66633333333334,64.475,5.4750000000000005
Pennsylvania,2016,164363.1689203096,Pennsylvania,54895,167700,859,4961929,3425706,1536223,12783977,42,69.0,3.05492303488478,305125.0,3.6540384615384616,1177.0833333333333,180.89083333333335,63.4,5.208333333333333
Pennsylvania,2018,178635.43369776476,Pennsylvania,59445,174100,915,5025132,3467467,1557665,12791181,42,69.0,2.9287576751619144,325275.0,4.544615384615384,1246.8333333333333,202.42791666666668,64.425,6.175
Pennsylvania,2020,198677.63060223812,Pennsylvania,63627,187500,958,5106601,3522269,1584332,12794885,42,69.0,2.946862181149512,328150.0,3.111698113207547,1394.3333333333333,222.06316666666666,66.6,4.625
Pennsylvania,2022,245049.09444934785,Pennsylvania,73170,226200,1110,5193727,3593490,1600237,12989208,42,69.2,3.091430914309143,432950.0,5.344038461538461,1551.5,298.32533333333333,65.775,8.483333333333333
Pennsylvania,2023,253503.00379943007,Pennsylvania,76081,240500,1162,5235339,3629624,1605715,12986518,42,69.3,3.16110461218964,426525.0,6.806730769230769,1420.5833333333333,305.7504166666667,65.9,7.875
Rhode Island,2010,229443.1091184138,Rhode Island,54902,279300,882,410305,256545,153760,1056389,44,62.5,5.087246366252596,222700.0,4.689807692307692,585.5,144.66108333333332,66.85,8.0
Rhode Island,2012,208211.4453228441,Rhode Island,56102,259400,908,410639,251217,159422,1052471,44,61.2,4.623721079462408,244400.0,3.6574999999999998,783.75,140.97799999999998,65.45,4.758333333333334
Rhode Island,2014,222978.7627965787,Rhode Island,56423,241200,923,409569,246829,162740,1053252,44,60.3,4.274852453786576,285775.0,4.168867924528302,1000.25,164.66633333333334,64.475,5.4750000000000005
Rhode Island,2016,244793.19037760876,Rhode Island,58387,238200,938,410240,244748,165492,1054491,44,59.7,4.079675270180005,305125.0,3.6540384615384616,1177.0833333333333,180.89083333333335,63.4,5.208333333333333
Rhode Island,2018,280918.85304563545,Rhode Island,63296,249800,981,410885,247565,163320,1056611,44,60.3,3.9465369059656217,325275.0,4.544615384615384,1246.8333333333333,202.42791666666668,64.425,6.175
Rhode Island,2020,310113.2613222928,Rhode Island,70305,276600,1031,414730,255450,159280,1057798,44,61.6,3.9342863238745465,328150.0,3.111698113207547,1394.3333333333333,222.06316666666666,66.6,4.625
Rhode Island,2022,403728.1078911435,Rhode Island,81370,343100,1195,432219,270950,161269,1094250,44,62.7,4.216541722993733,432950.0,5.344038461538461,1551.5,298.32533333333333,65.775,8.483333333333333
Rhode Island,2023,425058.016313352,Rhode Island,86372,368800,1273,436902,276344,160558,1095371,44,63.3,4.269902283147316,426525.0,6.806730769230769,1420.5833333333333,305.7504166666667,65.9,7.875
South Carolina,2010,148129.36758269413,South Carolina,43939,134100,701,1741994,1217502,524492,4511428,45,69.9,3.0519583968683857,222700.0,4.689807692307692,585.5,144.66108333333332,66.85,8.0
South Carolina,2012,139287.6912730982,South Carolina,44623,137400,749,1768255,1228200,540055,4630351,45,69.5,3.0791295968446764,244400.0,3.6574999999999998,783.75,140.97799999999998,65.45,4.758333333333334
South Carolina,2014,148655.47165736507,South Carolina,45033,137600,784,1795715,1232154,563561,4727273,45,68.6,3.0555370506073323,285775.0,4.168867924528302,1000.25,164.66633333333334,64.475,5.4750000000000005
South Carolina,2016,163532.42365367417,South Carolina,46898,143600,811,1839041,1258661,580380,4834605,45,68.4,3.0619642628683525,305125.0,3.6540384615384616,1177.0833333333333,180.89083333333335,63.4,5.208333333333333
South Carolina,2018,181360.64837812015,South Carolina,51015,154800,868,1894711,1305349,589362,4955925,45,68.9,3.034401646574537,325275.0,4.544615384615384,1246.8333333333333,202.42791666666668,64.425,6.175
South Carolina,2020,203911.35474096847,South Carolina,54864,170100,918,1961481,1375391,586090,5091517,45,70.1,3.1003937007874014,328150.0,3.111698113207547,1394.3333333333333,222.06316666666666,66.6,4.625
South Carolina,2022,277321.28028349514,South Carolina,63623,216200,1065,2023085,1434662,588423,5142750,45,70.9,3.3981421812866417,432950.0,5.344038461538461,1551.5,298.32533333333333,65.775,8.483333333333333
South Carolina,2023,289604.32911712426,South Carolina,66818,236700,1126,2070390,1478858,591532,5212774,45,71.4,3.5424586189350173,426525.0,6.806730769230769,1420.5833333333333,305.7504166666667,65.9,7.875
South Dakota,2010,143120.33542047863,South Dakota,46369,122200,574,315468,217250,98218,799462,46,68.9,2.6353813970540663,222700.0,4.689807692307692,585.5,144.66108333333332,66.85,8.0
South Dakota,2012,148202.2549167795,South Dakota,49091,129800,617,320467,219882,100585,815871,46,68.6,2.644069177649671,244400.0,3.6574999999999998,783.75,140.97799999999998,65.45,4.758333333333334
South Dakota,2014,161572.76950629486,South Dakota,50338,135700,648,327101,222589,104512,834708,46,68.0,2.695776550518495,285775.0,4.168867924528302,1000.25,164.66633333333334,64.475,5.4750000000000005
South Dakota,2016,176696.5726111918,South Dakota,52078,146700,676,333536,226145,107391,851058,46,67.8,2.816928453473636,305125.0,3.6540384615384616,1177.0833333333333,180.89083333333335,63.4,5.208333333333333
South Dakota,2018,192918.92140956307,South Dakota,56499,159100,722,341565,232636,108929,864289,46,68.1,2.8159790438768826,325275.0,4.544615384615384,1246.8333333333333,202.42791666666668,64.425,6.175
South Dakota,2020,215192.63020938225,South Dakota,59896,174600,761,347878,236495,111383,879336,46,68.0,2.915052758114064,328150.0,3.111698113207547,1394.3333333333333,222.06316666666666,66.6,4.625
South Dakota,2022,282799.23088012385,South Dakota,69457,219500,878,351182,240328,110854,890342,46,68.4,3.160228630663576,432950.0,5.344038461538461,1551.5,298.32533333333333,65.775,8.483333333333333
South Dakota,2023,291021.6285565238,South Dakota,72421,236800,912,358552,246105,112447,899194,46,68.6,3.26976981814667,426525.0,6.806730769230769,1420.5833333333333,305.7504166666667,65.9,7.875
Tennessee,2010,140490.84218684776,Tennessee,43314,134100,678,2443475,1699986,743489,6234968,47,69.6,3.0959966754398116,222700.0,4.689807692307692,585.5,144.66108333333332,66.85,8.0
Tennessee,2012,135325.92193703927,Tennessee,44140,138700,726,2468841,1687700,781141,6353226,47,68.4,3.1422745808790213,244400.0,3.6574999999999998,783.75,140.97799999999998,65.45,4.758333333333334
Tennessee,2014,144992.5556195721,Tennessee,44621,139900,757,2487349,1669953,817396,6451365,47,67.1,3.135295040451805,285775.0,4.168867924528302,1000.25,164.66633333333334,64.475,5.4750000000000005
Tennessee,2016,163303.7506035564,Tennessee,46574,146000,782,2522204,1673043,849161,6548009,47,66.3,3.134796238244514,305125.0,3.6540384615384616,1177.0833333333333,180.89083333333335,63.4,5.208333333333333
Tennessee,2018,188503.8628850745,Tennessee,50972,158600,841,2567061,1701159,865902,6651089,47,66.3,3.1115122027779956,325275.0,4.544615384615384,1246.8333333333333,202.42791666666668,64.425,6.175
Tennessee,2020,218815.91237075953,Tennessee,54833,177600,897,2639455,1756534,882921,6772268,47,66.5,3.23892546459249,328150.0,3.111698113207547,1394.3333333333333,222.06316666666666,66.6,4.625
Tennessee,2022,303684.15948814043,Tennessee,64035,232100,1047,2713635,1819725,893910,6923772,47,67.1,3.624580307644257,432950.0,5.344038461538461,1551.5,298.32533333333333,65.775,8.483333333333333
Tennessee,2023,313546.84151072527,Tennessee,67097,256800,1122,2768743,1855793,912950,6986082,47,67.0,3.8272948119886134,426525.0,6.806730769230769,1420.5833333333333,305.7504166666667,65.9,7.875
Texas,2010,140110.81327612305,Texas,49646,123500,786,8539206,5537188,3002018,24311891,48,64.8,2.4876122950489465,222700.0,4.689807692307692,585.5,144.66108333333332,66.85,8.0
Texas,2012,136176.20364640618,Texas,51563,128000,834,8782598,5609007,3173591,25208897,48,63.9,2.4824001706650116,244400.0,3.6574999999999998,783.75,140.97799999999998,65.45,4.758333333333334
Texas,2014,154498.5661513782,Texas,52576,131400,870,9013582,5652542,3361040,26092033,48,62.7,2.4992391965916005,285775.0,4.168867924528302,1000.25,164.66633333333334,64.475,5.4750000000000005
Texas,2016,180164.23535602275,Texas,54727,142700,911,9289554,5747458,3542096,26956435,48,61.9,2.607488077183109,305125.0,3.6540384615384616,1177.0833333333333,180.89083333333335,63.4,5.208333333333333
Texas,2018,203950.51591111626,Texas,59570,161700,998,9553046,5917771,3635275,27885195,48,61.9,2.7144535840188015,325275.0,4.544615384615384,1246.8333333333333,202.42791666666668,64.425,6.175
Texas,2020,224604.8429344292,Texas,63826,187200,1082,9906070,6168808,3737262,28635442,48,62.3,2.932974023125372,328150.0,3.111698113207547,1394.3333333333333,222.06316666666666,66.6,4.625
Texas,2022,303346.0216528653,Texas,73035,238000,1251,10490553,6545727,3944826,29243342,48,62.4,3.2587115766413364,432950.0,5.344038461538461,1551.5,298.32533333333333,65.775,8.483333333333333
Texas,2023,305657.77754117205,Texas,76292,260400,1339,10747240,6723729,4023511,29640343,48,62.6,3.413201908456981,426525.0,6.806730769230769,1420.5833333333333,305.7504166666667,65.9,7.875
Utah,2010,203564.2737389937,Utah,56330,218100,781,859158,611498,247660,2657236,49,71.2,3.8718267353097815,222700.0,4.689807692307692,585.5,144.66108333333332,66.85,8.0
Utah,2012,189837.54441128357,Utah,58164,217800,839,880873,620475,260398,2766233,49,70.4,3.744584278935424,244400.0,3.6574999999999998,783.75,140.97799999999998,65.45,4.758333333333334
Utah,2014,223916.56024594777,Utah,59846,212500,875,896194,624605,271589,2858111,49,69.7,3.550780336196237,285775.0,4.168867924528302,1000.25,164.66633333333334,64.475,5.4750000000000005
Utah,2016,260219.3825865034,Utah,62518,224600,912,918367,638767,279600,2948427,49,69.6,3.5925653411817398,305125.0,3.6540384615384616,1177.0833333333333,180.89083333333335,63.4,5.208333333333333
Utah,2018,309298.9512486025,Utah,68374,256700,988,957619,668985,288634,3045350,49,69.9,3.7543510691198407,325275.0,4.544615384615384,1246.8333333333333,202.42791666666668,64.425,6.175
Utah,2020,363124.2455551648,Utah,74197,305400,1090,1003345,707663,295682,3151239,49,70.5,4.116069382859145,328150.0,3.111698113207547,1394.3333333333333,222.06316666666666,66.6,4.625
Utah,2022,522488.3712071247,Utah,86833,408500,1302,1062819,751652,311167,3283809,49,70.7,4.704432646574459,432950.0,5.344038461538461,1551.5,298.32533333333333,65.775,8.483333333333333
Utah,2023,505704.32539506553,Utah,91750,455000,1405,1094896,773345,321551,3331187,49,70.6,4.959128065395095,426525.0,6.806730769230769,1420.5833333333333,305.7504166666667,65.9,7.875
Vermont,2010,207122.78751118862,Vermont,51841,208400,809,256612,183162,73450,624258,50,71.4,4.019984182403888,222700.0,4.689807692307692,585.5,144.66108333333332,66.85,8.0
Vermont,2012,210476.47689955542,Vermont,54168,215800,864,256830,182744,74086,625498,50,71.2,3.9839019347216067,244400.0,3.6574999999999998,783.75,140.97799999999998,65.45,4.758333333333334
Vermont,2014,220723.30353008758,Vermont,54447,216200,889,257252,182417,74835,626358,50,70.9,3.970834022076515,285775.0,4.168867924528302,1000.25,164.66633333333334,64.475,5.4750000000000005
Vermont,2016,229035.19626982228,Vermont,56104,218900,913,257107,181461,75646,626249,50,70.6,3.9016825894766862,305125.0,3.6540384615384616,1177.0833333333333,180.89083333333335,63.4,5.208333333333333
Vermont,2018,249711.46800075425,Vermont,60076,223700,972,259589,183570,76019,624977,50,70.7,3.723616752113989,325275.0,4.544615384615384,1246.8333333333333,202.42791666666668,64.425,6.175
Vermont,2020,270559.59095764667,Vermont,63477,230900,999,262852,187374,75478,624340,50,71.3,3.637538005891898,328150.0,3.111698113207547,1394.3333333333333,222.06316666666666,66.6,4.625
Vermont,2022,354476.18208833825,Vermont,74014,272400,1149,265858,193222,72636,643816,50,72.7,3.680384792066366,432950.0,5.344038461538461,1551.5,298.32533333333333,65.775,8.483333333333333
Vermont,2023,372944.5140466536,Vermont,78024,290500,1193,269466,196162,73304,645254,50,72.8,3.7232133702450527,426525.0,6.806730769230769,1420.5833333333333,305.7504166666667,65.9,7.875
Virginia,2010,221132.1431623265,Virginia,61406,255100,970,2974481,2048209,926272,7841754,51,68.9,4.154317167703482,222700.0,4.689807692307692,585.5,144.66108333333332,66.85,8.0
Virginia,2012,215171.43651189914,Virginia,63636,249700,1060,3006219,2038207,968012,8014955,51,67.8,3.923879565026086,244400.0,3.6574999999999998,783.75,140.97799999999998,65.45,4.758333333333334
Virginia,2014,232648.69166098456,Virginia,64792,243500,1108,3041710,2028244,1013466,8185131,51,66.7,3.758180022224966,285775.0,4.168867924528302,1000.25,164.66633333333334,64.475,5.4750000000000005
Virginia,2016,244783.826320863,Virginia,66149,248400,1135,3090178,2032761,1057417,8310301,51,65.8,3.755158808145248,305125.0,3.6540384615384616,1177.0833333333333,180.89083333333335,63.4,5.208333333333333
Virginia,2018,262817.35158709926,Virginia,71564,264900,1202,3128415,2070879,1057536,8413774,51,66.2,3.7015818009054833,325275.0,4.544615384615384,1246.8333333333333,202.42791666666668,64.425,6.175
Virginia,2020,288235.7655206001,Virginia,76398,282800,1257,3184121,2123771,1060350,8509358,51,66.7,3.701667582921019,328150.0,3.111698113207547,1394.3333333333333,222.06316666666666,66.6,4.625
Virginia,2022,356507.34030798404,Virginia,87249,339800,1440,3289776,2199299,1090477,8624511,51,66.9,3.894600511180644,432950.0,5.344038461538461,1551.5,298.32533333333333,65.775,8.483333333333333
Virginia,2023,370711.2088438305,Virginia,90974,360700,1514,3326260,2234492,1091768,8657499,51,67.2,3.964869083474399,426525.0,6.806730769230769,1420.5833333333333,305.7504166666667,65.9,7.875
Washington,2010,257270.00943317148,Washington,57244,285400,882,2577375,1669396,907979,6561297,53,64.8,4.985675354622319,222700.0,4.689807692307692,585.5,144.66108333333332,66.85,8.0
Washington,2012,220643.71817799498,Washington,59374,272900,951,2619995,1671388,948607,6738714,53,63.8,4.596287937481052,244400.0,3.6574999999999998,783.75,140.97799999999998,65.45,4.758333333333334
Washington,2014,254039.06496595524,Washington,60294,257200,995,2645396,1658540,986856,6899123,53,62.7,4.265764421003748,285775.0,4.168867924528302,1000.25,164.66633333333334,64.475,5.4750000000000005
Washington,2016,304863.37249868404,Washington,62848,269300,1056,2696606,1683381,1013225,7073146,53,62.4,4.284941446028514,305125.0,3.6540384615384616,1177.0833333333333,180.89083333333335,63.4,5.208333333333333
Washington,2018,373509.9886790903,Washington,70116,311700,1194,2800423,1756552,1043871,7294336,53,62.7,4.445490330309773,325275.0,4.544615384615384,1246.8333333333333,202.42791666666668,64.425,6.175
Washington,2020,427198.7993622395,Washington,77006,366800,1337,2905822,1838059,1067763,7512465,53,63.3,4.763265200114277,328150.0,3.111698113207547,1394.3333333333333,222.06316666666666,66.6,4.625
Washington,2022,577960.4426482744,Washington,90325,473400,1592,2979272,1900252,1079020,7688549,53,63.8,5.241073899806255,432950.0,5.344038461538461,1551.5,298.32533333333333,65.775,8.483333333333333
Washington,2023,564492.2354140725,Washington,94952,519800,1682,3020558,1929694,1090864,7740984,53,63.9,5.474344932176257,426525.0,6.806730769230769,1420.5833333333333,305.7504166666667,65.9,7.875
West Virginia,2010,99710.57724317689,West Virginia,38380,94500,549,740874,552855,188019,1840802,54,74.6,2.4622199062011463,222700.0,4.689807692307692,585.5,144.66108333333332,66.85,8.0
West Virginia,2012,100018.09754007176,West Virginia,40400,97300,594,742674,547370,195304,1850481,54,73.7,2.4084158415841586,244400.0,3.6574999999999998,783.75,140.97799999999998,65.45,4.758333333333334
West Virginia,2014,100465.7618150527,West Virginia,41576,100200,630,742359,541607,200752,1853881,54,73.0,2.4100442563017124,285775.0,4.168867924528302,1000.25,164.66633333333334,64.475,5.4750000000000005
West Virginia,2016,109430.52356229482,West Virginia,42644,107400,658,739397,535940,203457,1846092,54,72.5,2.51852546665416,305125.0,3.6540384615384616,1177.0833333333333,180.89083333333335,63.4,5.208333333333333
West Virginia,2018,114109.02204414761,West Virginia,44921,115000,711,734676,535880,198796,1829054,54,72.9,2.5600498653191157,325275.0,4.544615384615384,1246.8333333333333,202.42791666666668,64.425,6.175
West Virginia,2020,121877.75442003326,West Virginia,48037,123200,732,734235,540786,193449,1807426,54,73.7,2.564689718342111,328150.0,3.111698113207547,1394.3333333333333,222.06316666666666,66.6,4.625
West Virginia,2022,150295.14865127532,West Virginia,55217,145800,831,716040,531027,185013,1792967,54,74.2,2.6404911530869115,432950.0,5.344038461538461,1551.5,298.32533333333333,65.775,8.483333333333333
West Virginia,2023,154563.9341397161,West Virginia,57917,155600,850,721448,536082,185366,1784462,54,74.3,2.6866032425712656,426525.0,6.806730769230769,1420.5833333333333,305.7504166666667,65.9,7.875
Wisconsin,2010,158834.1915927629,Wisconsin,51598,169000,713,2274611,1580608,694003,5637947,55,69.5,3.275320748866235,222700.0,4.689807692307692,585.5,144.66108333333332,66.85,8.0
Wisconsin,2012,145400.6812733663,Wisconsin,52627,169000,749,2286339,1568375,717964,5687219,55,68.6,3.2112793813061735,244400.0,3.6574999999999998,783.75,140.97799999999998,65.45,4.758333333333334
Wisconsin,2014,154911.11305323328,Wisconsin,52738,165900,772,2293250,1551769,741481,5724692,55,67.7,3.145739315104858,285775.0,4.168867924528302,1000.25,164.66633333333334,64.475,5.4750000000000005
Wisconsin,2016,167756.40315673582,Wisconsin,54610,167000,789,2310246,1547633,762613,5754798,55,67.0,3.0580479765610695,305125.0,3.6540384615384616,1177.0833333333333,180.89083333333335,63.4,5.208333333333333
Wisconsin,2018,188773.37620140103,Wisconsin,59209,173600,837,2343129,1568040,775089,5778394,55,66.9,2.931986691212485,325275.0,4.544615384615384,1246.8333333333333,202.42791666666668,64.425,6.175
Wisconsin,2020,214271.57352410862,Wisconsin,63293,189200,872,2377935,1596500,781435,5806975,55,67.1,2.989272115399807,328150.0,3.111698113207547,1394.3333333333333,222.06316666666666,66.6,4.625
Wisconsin,2022,265957.54394136166,Wisconsin,72458,231400,992,2425488,1641590,783898,5882128,55,67.7,3.1935742085069974,432950.0,5.344038461538461,1551.5,298.32533333333333,65.775,8.483333333333333
Wisconsin,2023,282213.54293867416,Wisconsin,75670,247400,1045,2446028,1660505,785523,5892023,55,67.9,3.2694594951764238,426525.0,6.806730769230769,1420.5833333333333,305.7504166666667,65.9,7.875
Wyoming,2010,194469.48088304207,Wyoming,53802,174000,666,217688,152806,64882,545579,56,70.2,3.234080517452883,222700.0,4.689807692307692,585.5,144.66108333333332,66.85,8.0
Wyoming,2012,198118.67812363702,Wyoming,56573,184400,733,221479,155659,65820,562803,56,70.3,3.259505417778799,244400.0,3.6574999999999998,783.75,140.97799999999998,65.45,4.758333333333334
Wyoming,2014,209351.99713469538,Wyoming,58252,189300,778,225514,156289,69225,575251,56,69.3,3.249673830941427,285775.0,4.168867924528302,1000.25,164.66633333333334,64.475,5.4750000000000005
Wyoming,2016,227689.72985077335,Wyoming,59143,199900,802,226985,155741,71244,583029,56,68.6,3.379943526706457,305125.0,3.6540384615384616,1177.0833333333333,180.89083333333335,63.4,5.208333333333333
Wyoming,2018,232236.44362131678,Wyoming,62268,213300,843,230630,160121,70509,581836,56,69.4,3.425515513586433,325275.0,4.544615384615384,1246.8333333333333,202.42791666666668,64.425,6.175
Wyoming,2020,258274.17988160148,Wyoming,65304,228000,853,233231,165530,67701,581348,56,71.0,3.491363469312753,328150.0,3.111698113207547,1394.3333333333333,222.06316666666666,66.6,4.625
Wyoming,2022,314760.5206851053,Wyoming,72495,269900,933,234156,168393,65763,577929,56,71.9,3.72301538037106,432950.0,5.344038461538461,1551.5,298.32533333333333,65.775,8.483333333333333
Wyoming,2023,326454.0111486274,Wyoming,74815,285100,968,238176,171299,66877,579761,56,71.9,3.8107331417496493,426525.0,6.806730769230769,1420.5833333333333,305.7504166666667,65.9,7.875
